{"cameraMode":{"drawMode":0,"name":"Shaded","section":"Shading Mode"},"sceneLighting":true,"audioPlay":false,"sceneViewState":{"showFog":true,"showMaterialUpdate":false,"showSkybox":true,"showFlares":true,"showImageEffects":true,"showParticleSystems":true},"in2DMode":false,"pivot":{"x":-84.69725036621094,"y":42.338287353515628,"z":-217.57537841796876},"rotation":{"x":-0.008274940773844719,"y":0.991301417350769,"z":-0.10628514736890793,"w":-0.07717854529619217},"size":205.94664001464845,"orthographic":false}